prompt,answer
"[Company Introduction]:

International Business Machines Corp is a leading entity in the Technology sector. Incorporated and publicly traded since 1915-11-11, the company has established its reputation as one of the key players in the market. As of today, International Business Machines Corp has a market capitalization of 166462.54 in USD, with 916.74 shares outstanding.

International Business Machines Corp operates primarily in the US, trading under the ticker IBM on the NEW YORK STOCK EXCHANGE, INC.. As a dominant force in the Technology space, the company continues to innovate and drive progress within the industry.

From 2023-01-08 to 2023-01-15, IBM's stock price increased from 135.66 to 137.73. Company news during this period are listed below:

No relative news reported.
Some recent basic financials of IBM, reported at 2022-12-31, are presented below:

[Basic Financials]:

assetTurnoverTTM: 0.4712
bookValue: 21944
cashRatio: 0.2503094746865577
currentRatio: 0.9242
ebitPerShare: 3.5095
eps: 2.8697
ev: 170445
fcfMargin: 0.2043
fcfPerShareTTM: 9.3422
grossMargin: 0.5771
inventoryTurnoverTTM: 17.3964
longtermDebtTotalAsset: 0.363
longtermDebtTotalCapital: 0.6337
longtermDebtTotalEquity: 2.1049
netDebtToTotalCapital: 0.5908
netDebtToTotalEquity: 1.9624
netMargin: 0.1623
operatingMargin: 0.1985
payoutRatioTTM: 0.922
pb: 5.8049
peTTM: 77.7668
pfcfTTM: 15.0499
pretaxMargin: 0.1984
psTTM: 2.1045
ptbv: 11.8385
quickRatio: 0.8056
receivablesTurnoverTTM: 8.5547
roaTTM: 0.0128
roeTTM: 0.0814
roicTTM: 0.0228
rotcTTM: 0.0161
salesPerShare: 17.6801
sgaToSale: 0.4229
tangibleBookValue: 10760
totalDebtToEquity: 2.3218
totalDebtToTotalAsset: 0.4004
totalDebtToTotalCapital: 0.699
totalRatio: 1.2084

Based on all the information before 2023-01-15, let's first analyze the positive developments and potential concerns for IBM. Come up with 2-4 most important factors respectively and keep them concise. Most factors should be inferred from company related news. Then let's assume your prediction for next week (2023-01-15 to 2023-01-22) is down by 3-4%. Provide a summary analysis to support your prediction. The prediction result need to be inferred from your analysis at the end, and thus not appearing as a foundational factor of your analysis.",
"[Company Introduction]:

International Business Machines Corp is a leading entity in the Technology sector. Incorporated and publicly traded since 1915-11-11, the company has established its reputation as one of the key players in the market. As of today, International Business Machines Corp has a market capitalization of 166462.54 in USD, with 916.74 shares outstanding.

International Business Machines Corp operates primarily in the US, trading under the ticker IBM on the NEW YORK STOCK EXCHANGE, INC.. As a dominant force in the Technology space, the company continues to innovate and drive progress within the industry.

From 2023-01-15 to 2023-01-22, IBM's stock price decreased from 137.73 to 133.30. Company news during this period are listed below:

No relative news reported.
[Basic Financials]:

No basic financial reported.

Based on all the information before 2023-01-22, let's first analyze the positive developments and potential concerns for IBM. Come up with 2-4 most important factors respectively and keep them concise. Most factors should be inferred from company related news. Then let's assume your prediction for next week (2023-01-22 to 2023-01-29) is down by 4-5%. Provide a summary analysis to support your prediction. The prediction result need to be inferred from your analysis at the end, and thus not appearing as a foundational factor of your analysis.",
"[Company Introduction]:

International Business Machines Corp is a leading entity in the Technology sector. Incorporated and publicly traded since 1915-11-11, the company has established its reputation as one of the key players in the market. As of today, International Business Machines Corp has a market capitalization of 166462.54 in USD, with 916.74 shares outstanding.

International Business Machines Corp operates primarily in the US, trading under the ticker IBM on the NEW YORK STOCK EXCHANGE, INC.. As a dominant force in the Technology space, the company continues to innovate and drive progress within the industry.

From 2023-01-22 to 2023-01-29, IBM's stock price decreased from 133.30 to 126.87. Company news during this period are listed below:

No relative news reported.
[Basic Financials]:

No basic financial reported.

Based on all the information before 2023-01-29, let's first analyze the positive developments and potential concerns for IBM. Come up with 2-4 most important factors respectively and keep them concise. Most factors should be inferred from company related news. Then let's assume your prediction for next week (2023-01-29 to 2023-02-05) is up by 0-1%. Provide a summary analysis to support your prediction. The prediction result need to be inferred from your analysis at the end, and thus not appearing as a foundational factor of your analysis.",
